+12055381807,Portfolio Recovery
+14802679536,Spam
+18322109014,Bad 6
+19133120548,CALLChristie Rao
+17755738987,Adv Arush
+13057049968,Martin Air
+17027494912,La Escuela
+14694700992,Suspected Spam Security Global
+17027180425,Spam
+19403158050,Spam
+18669996480,BlackList
+17312566897,Portflio Recovery Recovery
+12026587468,Inc Pld
+19143735977,CALLSpam Scam Pay Day Loans
+19167588644,SPAM
+12027704602,I Don't Know Washington Dc
+17023596296,z Scam Free Cruise
+17028477224,Spam
+13057604895,Callmike
+14075152822,Etour
+17023816849,Spam
+18442409758,Fingerhut
+13156655113,Telemarketer
+12127773456,CALLMovie Latest
+17024890710,Customer Servic
+17029010695,Spam
+17026666232,Spam
+17023310880,Nicholas N
+15712812135,Spam
+14155343534,Money Making Scam
+18563340593,MARKETING
+17023835054,cox...
+12542123059,SPAM
+16149079027,Spam
+18005153807,CALLTop Spammer
+12097276002,CALLSaveourloan
+16193639217,San Diego
+17022912205,Spam
+17027932227,SPAM
+17029973566,Spam
+18138826582,Vacation Ser Ices
+17173897702,Vasudhaa
+18008896573,D C
+17026338034,Quantum
+17025143701,Under Managed
+17029308405,SPAM
+17754190330,Spam
+17029330937,Lvac
+13102857727,Telemarketer
+17027201557,2
+18882224227,Santander
+15702071892,SPAM
+17328672871,CALLCredit One Bank
+16208601572,CALLPortfolio Recov
+13137316523,SPAM
+17024874546,Justin
+12014771842,Ecole Vegas
+17024566637,Carpet Cleaning 5 rooms 79
+12143087010,Ted Cruz?
+17752382227,LC AUTO INSURANCE SPAM
+17314103151,Suspected Spam Portfolio Recov
+18017690983,A
+17029835905,Larryln
+16194890093,CALLI
+17023894785,Erica
+18552982545,Denver Career Fair
+18323193990,CALLIp Communicatio
+16208600202,Portflio Recovery Recovery
+17025143874,In Our Database
+15155287963,Canadian Pharmacy
+18776478552,Wells Fargo
+17574472583,CALLPortfolio Recovery
+14692707095,SPAM
+13304335979,Walmart
+12532446151,CREDIT ONE BANK
+18585244881,SPAM
+12283251039,Spam
+17029835917,Qsaw D E A D F B A E
+17024251452,Spam
+17026230937,Spam
+13103596598,Xactcall Corpor
+17027072730,Spam
+18555372421,CALLService 800
+17023894787,Spam
+14259176040,SPAM
+17029583221,Spam
+16072030224,CALLSpam
+17073462163,Don Miguelo
+18323653430,Health care sales call
+15127578111,Spam
+12028003000,Fake Irs Agent Caller
+17752348173,Education Loan Solicition
+18669606330,Good Hands Lending
+17759844307,Spam
+12027384405,CALLFake U.s. Grant Dept
+17026592566,Suspected Spam Angel Hernandez
+18622315174,No Se
+17024702682,Spam
+17025054976,SPAM
+17027811434,SPAM
+17199742502,SPAM
+13609287144,CREDIT ONE BANK
+17027269513,Petco survet
+17026285421,Collection Agency
+17024702678,Spam
+18133215186,SPAM
+18002364300,Great Lakes
+18133669800,SPAM
+18669996460,SPAM
+17023894781,Spam
+12052386074,Portfolio Recovery
+17027180415,Las Vegas NV
+18773849041,Charter
+17022917106,Spam
+12134566756,CALLFederal Grant Scam
+17754320240,Doganjr
+17027078598,BILL COLLECTOR2-COOP
+17027864810,Marketing
+18009378942,T-MOBILE
+18602375816,This Company Does Identify Themselves
+17203982700,SPAM
+17029835921,Spam
+15204482370,Spam
+18554027650,Charter
+17029831329,SPAM
+12162087169,Automated Google Add
+18443250807,CALLService 800
+17027180421,Cox Promotion
+18505679657,Balaji
+17023899406,Spam
+17754611270,Spam
+18882482509,IQ Data
+14013792070,Student Loan Help Center
+17027070688,Spam
+16148901031,JP MORGAN CHASE
+17028796148,Spam
+18447699878,CALLAshly
+17573201592,Portfolio Recovery Services
+17024183011,Casting
+19542481664,CALLDon't Know
+12092693583,Callspam
+17322100446,CALLCamel
+17012481143,CALLL7 Srvc
+17027518630,z Scam BusDirList
+17025346636,Spam
+12132179999,CALLJohn E Holt
+19164033480,Suspected Spam Efls
+18622312552,New Jersey
+12024444444,Kailash Hospital Kailash Hospital
+17312569336,Portfolio recovery
+19152671132,Everett W Blackburn
+18436194192,Credit One
+17028747931,z Scam Free Cruise
+17027012538,Spam
+18552550621,CALLBill Collecter
+17024307225,Josh Freind Cashimer
+17028503150,Recorded Line Advertise
+17755576310,Spam
+15759935805,CALLLas Cruces Nm
+13057049967,Hari-USA-2 Air Martin
+15625285913,Premier Credit Card
+17024460792,z Scam Free Cruise
+19846643933,Pharmacy Spam
+17754192180,look
+18002215689,SNAP. FOODSTAMPS
+13059987713,Modle Agent
+16207084298,Portflio Recovery Recovery
+17027070006,Spam
+18442866507,Er Collection
+17752348173,Local
+14253368439,Refinance Cash
+17752856535,Andres
+18447699880,CALL800 Service
+18773945975,SPAM☀️
+18773737652,Solar City
+13109294025,Cablegardena
+14805058859,My Daddy.com
+19167403994,Solar City
+17029444115,Junk from Vegas
+17027180424,Spam
+17755530607,Spam
+15165433272,Collection Agency
+17048423066,CALLI Don't Know.
+19493962001,Spam
+17028039913,Spam
+18884905427,SPAM
+12066819680,Seattle Wa
+17029705819,Damien
+17029196008,Coklection Agency
+16193063020,Voíce Mail
+17028743403,Spam
+18133823347,Voicemail?
+17204405830,Scumbag Telem 7
+18032727088,SPAM
+17027576728,SPAM
+13234004220,Credit One Bank
+17026682669,Progrexion
+18003182596,Healthcare.gov marketplace
+17755738318,Spam
+14699147211,Best Buy Citibank
+17029398340,ALLIED COLLECTI
+18557322332,Credence resource mgt
+17027572488,Spam
+16503725849,z Scam Solar
+18888576572,CALLService 800
+17027892696,United Blood Services
+16208600784,Portfolio Recovery
+17025143627,Canyonridge Dir
+17022061088,Dealer Procesding Ford 2011
+17029786907,Survey
+17029831332,SPAM
+17734234080,CALLIp Communicatio
+19032131030,SPAM
+19495316650,Block
+17759540410,Spam
+18666314680,Cindy Fisher
+17028794122,Spam
+17754739335,Spam
+17029522031,Pat&Felix Law
+17027180427,Spam14
+17754550028,Spam
+18667711104,Amazon-
+17036379245,Alumni Association
+17866071818,CALLDaniel Solar City
+17029835920,Sandy Valley
+18887271074,Desert Radiologist
+17025760050,Spam
+17027818339,Suspected Spam Caller
+17024874330,SPAM
+13045510426,SPAM
+17027818337,Junk
+17028547076,1
+13054551100,US MED
+17025294561,Spam
+18889010293,Charter
+12673285270,CALLSpam
+12028705858,alpha vision BILL collector
+17029977686,SPAM
+14159465707,CALLThis Is A Scam
+17578195915,Portfolio Recovery
+15154417592,Canadian Pharmacy Spam
+17027274819,George Guest Recovery
+17024253497,School Connect Service
+18133214140,CALLDont Know
+19035938790,Kohls Corp
+14242177799,Student Loan Tlmktg.
+17572152332,Portflio Recovery Recovery
+18016562093,Angela Taylor
+16177140762,CALLSPAMMER
+18009505762,Collection Collector America
+17028544773,Block1
+18442835487,American Direction research Political Survey
+14153580611,Payday
+18008520411,Aargon Collecti
+17755576327,Spam
+13237413873,California
+13477734606,SPAM
+17022061007,SPAM
+17028152394,Research Don't
+17027035439,Spam
+17024864000,Kristine Mautner
+17023894783,Spam
+18776478551,Wells Fargo
+18006131545,Spam☀️
+15612279197,Bill Collector
+17572152370,Portfolio Recovery
+16467699056,CALLSpam
+17027073898,Amber Mac
+17024837935,CALL
+17024962823,Voice Mail
+12126725973,Spam
+17026026984,z Scam Free Cruise
+18013777003,Spam
+12818065695,Spam
+17027180419,It Hangs Back In Service
+18885289548,☆☆☆☆ STUDENT MATCHING SERVICE
+17862985682,CALLCollege Loans
+17027818767,Spam
+17025294322,Glass Mountain Credit Collection
+17862755986,SPAM
+18888638768,Metro Pcs
+15054928484,Spanish Spam
+15022132798,Vine
+17022669487,Rapid Cash
+18775855974,Protected Truecaller
+17029786904,Survey
+15163315981,Solar
+17024795661,Voice Mail 2
+12242427010,Spam
+17753233311,Savers-mss
+17029968302,AT&T Service Contacts
+18018924071,American Red cross
+17023816847,DMVCALL 6847
+17703752178,Spam
+17027201623,Spam
+16303184762,CALLFlag Managed
+17022061059,Shanel Incurent
+17753336673,Spam
+15202308405,CREDIT ONE BANK
+16237480860,Spam
+17164423215,Student Loan Scam. I Have Student Loans
+17027180416,Spam
+13477539404,Us Solar
+15189351020,SPAM
+12095466030,Crouse Vacations 2
+14079352354,Orlando FL Getaway scam
+17025181988,DMVCALL 1988
+17023894780,Spam
+15184171644,Suspected Spam Customerservice
+17867084154,Pge Care
+17028293311,United Blood Services
+17029835919,Career advisor /do not answer
+17024309849,Mxeque
+17755738654,Spam
+17029600968,Diversified Consultants
+12035490652,Kim
+17023894784,SPAM
+18657617037,Stshop
+17027202409,Spam
+18603195320,Suspected Spam Moneybee
+17025147038,Spam
+17756713230,Magazines
+19165898603,Verizon
+14042392814,CALLCredit One Bank
+17022917104,Spam
+17756443158,Employment Advisors
+17027757757,Carpet Cleaning telemarket
+17025671920,Everest
+17027488267,Find the right job
+14073780071,Telemarketer Ripoff
+17027518623,Spam
+12026576869,Suspected Spam Caller
+17028743063,Spam
+14794378796,Wiviere
+17022917056,Ins Quote
+13055872062,Business Loan
+18003940368,Spam
+17752983241,Nevada Health Plan
+17026236845,SPAM
+18884794384,Collection
+17022229000,Big Brothers Big
+18882725543,Sallie Mae/Navient
+13236930098,DNA
+14254128553,CALLUnited Insurance
+17312569337,CALLPortfolio Associates
+18779591417,Charter
+17025143187,PCH
+17314103143,CALLSuspected Spamn Portfolio Recov
+18772246529,CALLCbe Group
+14582028961,U3
+17144971378,CALLER VOIP
+15615138160,SPAM
+17025143451,Diabetes Meter
+17759810198,Remove My & #
+18018786618,American Red Cross
+13157244022,Bank America Bank America
+18008562911,Speedy Cash
+17027793569,Spam
+12012213300,0
+17755576308,Spam
+17025532567,Indian Jonse
+19542788492,Health Insurance Sales
+16313187101,Spam: Ge Security
+16468669198,CALLFree Cruise Death
+17024107513,CALLJlf Web Design
+18018233446,CALLTop Spammer
+17243231432,Brie Stutler
+14077322415,Chase
+17025833172,Credit One Bank Local
+15625135422,CALLGlobal Network
+17023574109,Spam
+13312295199,Credit One
+17026237045,Vegas
+18778059411,Spam
+15206865187,Home Solar Pricing
+13603226806,CALLLowermortgage
+17025534600,URS Bill Collector
+17025516271,Holiday Cruises
+16465822989,Suspected Spam Caller
+18019231253,Telemarketers spam
+19032131074,SPAM
+18008693557,Wells Fargo
+17027818317,Spam
+19177027929,SPAM
+18642529188,CALLIs This
+18562959713,CALLSale Managed Terminals
+17573201591,Portfolio Recovery
+17757846421,Spam
+12033189282,Spam
+14804983496,Spam
+12092186013,aaron sacco
+12542123061,Veteran/senior citizen survey
+17027864810,Spam
+14847256164,CALLCruise Giveaway
+19563410583,3
+17029835926,Spam
+12149749635,Scam Mortgage
+19152604000,SPAM
+17027573386,Spam Harrassment
+17027225401,University Phoenix
+12132044865,CUSTOMERSERVICE
+19133842471,SPAM
+13212035481,7
+18008755097,Suspected Spam Caller
+16102689506,CALLScamloan Asahole
+18559746089,CALL800 Service
+18595923202,CALLNull Void
+17025772216,Credit Collector
+17025467220,home security scam
+17027818338,Zzspam
+15164713200,Suspected Spam Caller
+12019481102,CALLNaveen Cg
+17026088560,Credut Solutitions
+17204526477,Credit Card
+17026285427,Fbcs
+12122233333,MILL RUN TOURS
+17027518633,Spam
+17753728382,Spam 2
+13123405579,CALLService Dept
+17754550218,Suspected Spam Caller
+14345924309,Liberty University
+12137691287,Suspected Spam Caller
+17759844136,Spam
+13173007925,Symmetry Echo
+18662691726,THIS
+17202628006,Energy Solar
+17023595643,CALLJtn
+17755576309,Spam
+13126012615,zzBLOCKED Modeling Agency teen Magazine
+17028249489,Respitory Care
+17754190125,Spam
+14153584862,CALLFd
+17027479838,Sales
+17042881863,Callers
+18557541042,Amsher Collecti
+13608897040,CALLHealth Enrollme
+13012746016,Lisa F
+17027180426,Sherry
+17028577938,Spam
+17024251484,Debt Collecter
+17029968303,Brianna
+17014917831,Insurance Care Center
+12132935087,Solar spam
+14155102466,SPAM
+17025466524,Big
+17024873597,Do
+12145309061,Suspected Spam Auto Saving
+12148142001,CREDIT ONE BANK
+14152753800,CALLCredit One Bank
+17753322077,Spam
+14803768604,CALLSweet Journey
+14243025128,Spam
+17328672870,CALLSPAM
+18009475096,AT. T
+17028262000,Plus Four-collections
+18889137654,Customerservice
+17029831331,Spam
+17023233752,Spam
+17027072468,Spam
+17025510599,Bill Collector
+17029633769,Spam
+14432190785,CALLCredit Card Reduction
+19037655043,Cs Follow
+17027573385,Spammer
+13047438823,Tech Support Scam
+13125787015,CALLOpros Pro Privivki
+15162069012,Credit Cards
+17752844300,Renown
+12082328892,208 Telemarketer
+17868523699,SPAM
+16316169370,Spam
+17022162100,Check City
+15743099553,Press Ganey Satisfaction Survey
+12055786126,SPAM
+15184171169,Credir Card
+19412182345,Check Balance
+17026233791,Spam
+18009904761,Aargon
+16147544136,Suspected Spam Comenity
+17023593382,Spam
+15302989249,Greg Pebble
+17025147841,SPAM
+17855941390,SPAM
+12053190909,Indian based pharmacists
+17027518670,Spam
+15406288912,Xarreto Scam
+13232138001,Loan Scam
+17312566444,Portfolio Recovery
+17756443157,Academic Adviser (spam)
+16312305396,Car Warranty Scam
+17027073897,Tele Marketer
+17027479835,Spam
+17023590052,SPAM
+18555522508,Century Link collection
+17027201533,SPAM
+16193639180,0
+17027818208,Spam
+19803372453,SPAM
+17026059030,Persian Pria
+18557898625,Midland Credit
+18176658325,⚠ Sales Calls WhosCall Call Guard Database
+19177915947,CALLXactcall Corpor
+17029786906,Spam
+18587036421,Suspected Spam Security
+16828084613,CALLStudent Loan Telemarketer
+18005155871,CALLNvariance Centers America
+13045211001,SPAM
+17028503150,Djp
+15614304554,CALLSpammer
+17029797808,Spam
+17276836151,SPAM
+18603336411,Suspected Spam Myrenttoown
+16146817064,SPAM
+17208640703,Suspected Spam Assist
+17542121032,SPAM
+17029835906,Spam
+13139890088,CALLFake
+17024470150,Hope Program
+19044797002,Spam
+18622048034,Telemarketing
+17027269512,Spam
+18133312414,National Warranty Service
+12014509009,Canadian Pharmacy
+19368737604,Suspected Spam Health Best
+17863528084,US Pharmacy In India
+18667467622,Nba Store
+17573204166,CALLPortfolio Recovery
+16463621030,Suspected Spam E L Hale
+13104020589,Telemarketer Security Ripoff
+17573204168,CALLPortfolio Recovery
+15184171697,SPAM
+18773175659,Synchrony Bank
+17754043061,Spam
+18002696612,Service 800
+17026230948,Bill A Bonic
+17028477943,Consolidated Credit
+13218327626,Do
+17345427758,CALLMarket Strategi
+17208337973,Garcinia Cambodia Weight loss Jason
+12126199999,SCAM ARTIST Dane Lewis #3
+19726560522,MEDICAL EDGE DB
+16039132771,CALLSpam
+18637772311,CALLXo
+17027147038,Mariachi Suite Emma
+17029641996,Slades Tina
+12194334509,Syringa Florist Boise
+17028258544,Do Ans. Reward Redemption
+18009156501,Joe Spears Debt Mgt
+12067771088,SPAM
+18008673147,Spam
+17027060280,Loans*
+18005335125,Suspected Spam Caller
+17027811020,Ssi survey
+17025143535,Spam
+17376669030,APPEL SPAMJtn
+14014062631,Suspected Spam Caller
+16674013913,VEHICL PROT CTR
+17029835925,Spam
+19163470717,CALLAuto Insurance
+17029835918,Solar company
+17028008332,Spam
+17029060984,Suspected Spam Tech Colorado
+17028743526,Spam
+18009556600,Capitalone
+12096747070,Suspected Spam Customer Servic
+17755738212,SPAM
+17572336821,Scam or
+14582067343,CALLLife
+16319734757,CALLStudent Loan Scam
+17023596298,z Scam Free Cruise
+13124237476,Harris & Harris
+18008388434,Conns
+17029835923,Spam
+16195682418,CALLLoan
+17754641954,Spam
+13032144003,In Svc Identity thieves
+18669280183,Spam
+15303929040,MARKETING SOL
+13852002242,Spam
+17023816845,Suspected Spam Doug Morgan
+12135038127,CALLMarjie L Uy
+17573556494,Portfolio Recovery
+12035834400,Birth Certificate CT
+16312234242,STUDENTDEBTFREE
+18559447105,Charter
+16177140978,MNJ TECHNOLOGIE
+13238874930,Karina Castillo
+12052386057,Portfolio Recovery
+12817864015,CALLSpam
+17029786905,Survey
+12343867006,t
+17025144147,No Reply
+18005213236,Client Services Ciribank
+17753726480,Don't know.
+18552833957,SPAM
+12035189349,Warranty Automobile Offer
+17753913102,Annoying
+17029831330,Telemarketing
+18664084070,Juniper Credit Card
+17024873846,zzBLOCKED kno
+12404797390,SPAM
+12402248210,Ambulance Chaser Spammer
+17024183056,CALLHd Supply
+14152876010,Martin PC Service
+16313182099,CALLSpam
+19374908910,Don't 2
+17026666220,Spam
+15713195624,Washington Va United States
+16369472321,Spam
+17753352792,Spam7
+17023574971,Spam
+17027078248,Annoymous
+17758638808,SPAM
+17022996132,CALLLaugblin Nev Spm 9 10
+17022573800,Safe Nest
+18664494530,SPAM☀️
+18445053328,Retrieval Maste
+18005074275,Spam
+17023896185,Nicole Car Mecanic Aseguranza
+13133555255,MEMBER SERVICES
+12392054843,Maliha Magic Jack
+15039776714,Protected Truecaller
+12124659832,Credit Card SPAM
+17133576438,⚠ Sales WhosCall Call Guard Database
+17022400967,Itt Tech
+18778542241,Cash 1 Title Loans
+17256767889,Spam
+19542894596,Business loan Spam
+12815450425,MARKET
+14704265793,Possible Credit Card Phishing
+17754043055,Farrel
+15612833474,INJURYHELPNETWK
+17027818721,Spam
+18008976877,CALL800 Service
+17026338015,Quantum Collections
+17027994433,Clark County School
+17752041525,SPAM
+12024369793,CALLSpam
+17025344314,Degree
+18326487302,CALLSpam
+13109551429,spam
+17025833005,Convergent Reso
+17023593372,Mm
+16092255799,Suspected Spam Caller
+17027817001,Spam
+17023894786,Social security Scams
+16158468410,Nashville tn Healthstream
+13059286358,Spammer
+14696088899,Portfoliorecov
+17579522646,Portfolio Recovery
+17024795691,SPAM
+14077322414,Chase
+12817100077,Suspected Spam Customerservice
+18552677451,Professional Finance Company
+18004838314,Global Tel-Link
+17024731643,Spam
+12182039352,CALLStudent Loan Scam
+12077385788,CALLSpam
+18025031357,Direct
+12627049780,KOHLS DEPT STOR
+17026759534,BlockCALL
+17026904611,SPAM
+15164536886,CALLBills
+17207992995,Kim Lan Bu Lawuk
+19803372456,CALLIdk
+17029786016,Home owner Saving Scam
+17022242652,Saphires Timeshare Scam
+17028747784,Argon Collection
+13125787017,Suspected Spam Norc U Chicago
+17027932255,Cathy Cox Ltcc
+17026885014,Idk 1
+17029633002,Voice Mail 2
+17754190445,Creditcards
+13104050694,6
+17023233769,Spam
+16572307532,Suspected Spam Gtel
+18002519080,Quicken Loans.
+17867014001,I Don't Know
+19152888519,ELLEN HEITMAN
+17026710319,County Jail Jail
+17029398300,Allied Collection
+17025772906,Bill
+13072489934,Spam
+18173588000,HCA Medical Collections
+18005115750,Conns
+17753848176,Spam
+17029839633,Spam
+13236096006,Loan Shark Spam
+14253053030,Degree.com
+17027518629,Spam
+16039574026,CALL⚠ One-Ring Dropped
+15203509366,Hortencia Garibay xporter
+17028743157,SPAM
+16173184014,Calllsd Crack Sale
+12092415942,SPAM
+17022996049,Unwanted Calls
+13079200621,CALLDont Know
+17027072511,Spam
+15862000157,RESEARCH CENTER
+19144993484,Suspected Online Update
+17029835907,Do
+12053796018,Portfolio Recovery
+18663416530,Service 800
+17023579873,Spam
+13058098875,CALLI Don't Know This
+17276836148,Payday L0ans
+14143125159,CALLL7 Scvc
+16208600783,Portfolio Recovery
+12692249029,CALLCredit Card Robocall
+14153639604,CALLUnder Managed
+17028008927,Spam
+18663982089,Ad Astra Debt Collector
+17022917102,Spam
+18008808282,Financial Corp. America
+17028952826,Unlv
+18006440864,St Rose Hospital biilling
+17027518632,Yellow Pages Listing Update
+17029831328,SPAM
+16309148915,CALLRobocall
+18433141973,SPAM
+12098904247,Idk
+14074952433,CALLAuto Rrlc
+17312569338,Portfolio Recovery
+19546012600,CALLAutomotive Warranty Advisors
+18447766275,CALLPro Mark Resear
+17023593286,Spam
+17025467443,Review journal
+17029835924,Blk N Mex
+14433440348,SPAM
+18665672295,CALLService 800
+17029977682,SWEEPSTAKES GIVEAWAY CONTEST
+17028151700,Spam
+17579461156,CALLPortfolio Recovery Services Debt Recovery
+18592923796,Research Survey Company
+18775700050,SPAM
+12144005051,SPAM
+13523607875,SPAM
+18443647889,Allied collection
+17027932202,SPAM
+17029705818,My Btc
+16673089519,CALLCredit Card
+17755576331,Spam
+18032173808,Amcol Systems
+16232098661,Spam
+16154324311,Erin Maxima
+14842439048,Suspected Spam Auto Insurance
+17754737915,SPAM
+19513795048,CALLSweetstake
+15304513750,CALLThebestloan
+17028293193,SPAM
+13394995782,CALLAnfield
+17028309793,Affidavit
+12133750923,Clean Energy
+19142153196,Medical Alert
+15053587653,CALLD
+17027202380,Spam
+17024254850,Spam
+17023580821,Paul Blazer Guy
+16023881938,Credit Adjusters
+17028258543,Spam
+17023590187,CALLSpammers
+17029014410,Debbie Myler
+14016489484,CALLCall
+17027180418,Spam
+16827038279,CALLLocal Ranking
+17028544328,School Melissa
+16033109904,CALLBill Collector 365
+17572043366,Insurance Ass Holes
+18133109278,Spam
+17866001318,Us Pharmacy
+17024874226,Tmobile
+15137250858,Peerless Network of Ohio
+15862000166,Suspected Spam Research Center
+19734047974,SPAM
+17023894782,American Disibility
+16617480240,Skype
+17027202271,Spam
+17023816843,Million dollar sweep stake
+19545058436,SPAM
+14073586498,Credit One Credit
+17026083597,National clean energy
+18014107837,Credit card
+19143267025,CALLServic Customer
+19127120298,CALLDavid Paterson
+17756713037,Spam
+17755576330,SPAM
+13103596126,Suspected Spam Caller
+12812031077,Triece
+12242427011,Bill collector
+12089080901,CREDIT ONE BANK
+17025290901,Phoenix Financial Services
+15204482368,SPAM
+18882568713,Synchrony Care Credit
+17329030837,BlackList
+17403400058,SPAM
+13073167521,⚠ Frequently Blocked Calls WhosCall Call Guard Database
+17199820000,SPAM
+17026338016,Quantum Collections
+17027490475,M
+17753728051,Spam
